{
    "joint_limits_rad": {
        "1": {
            "min": 1.5677283652191252,
            "max": 5.266156044811406
        },
        "2": {
            "min": 1.5079031144915853,
            "max": 5.143437581780555
        },
        "3": {
            "min": 1.2946797849754812,
            "max": 4.646427806505607
        },
        "4": {
            "min": 1.1152040327928612,
            "max": 4.890330751779424
        },
        "5": {
            "min": 1.4404079598246171,
            "max": 4.884194828627882
        },
        "6": {
            "min": 3.126252845710937,
            "max": 5.0774764079014725
        }
    },
    "joint_limits_raw": {
        "1": {
            "min": 1021,
            "max": 3432
        },
        "2": {
            "min": 983,
            "max": 3353
        },
        "3": {
            "min": 844,
            "max": 3029
        },
        "4": {
            "min": 727,
            "max": 3188
        },
        "5": {
            "min": 939,
            "max": 3184
        },
        "6": {
            "min": 2038,
            "max": 3310
        }
    },
    "joint_limits_offseted": {
        "1": {
            "min": -1.7656118868563733,
            "max": 1.8
        },
        "2": {
            "min": -1.8,
            "max": 1.9036701577660806
        },
        "3": {
            "min": -1.7809516947352295,
            "max": 1.5707963267948966
        },
        "4": {
            "min": -3.566505331834116,
            "max": 0.19
        },
        "5": {
            "min": -1.7333982903107743,
            "max": 1.7103885784924904
        },
        "6": {
            "min": -0.009203884727313927,
            "max": 1.9604274469178495
        }
    },
    "poses_joints": {
        "home_pose_joints": [
            3.3026606363177855,
            1.4802914603096438,
            4.601942363656923,
            4.333495725776936,
            3.117048960983623,
            3.1185829417715083
        ],
        "up_pose_joints": [
            3.3241363673481845,
            3.193748000377905,
            1.500233210552157,
            3.130854788074594,
            3.104777114680538,
            3.1185829417715083
        ],
        "zero_pose_joints": [
            3.2,
            3.2397674240144743,
            3.0756314797107107,
            4.681709364626977,
            3.1738062501353914,
            3.117048960983623
        ]
    },
    "poses_joints_offseted": {
        "home_pose_joints": [
            -0.0,
            -1.7,
            1.5,
            -0.3,
            -0.0,
            0.0
        ],
        "up_pose_joints": [
            -0.0,
            -0.0,
            -1.6,
            -1.5,
            -0.0,
            0.0
        ],
        "zero_pose_joints": [
            0.0,
            0.0,
            0.0,
            0.0,
            0.0,
            0.0
        ]
    }
}