{
    "joint_limits_rad": {
        "1": {
            "min": 1.6582332317043782,
            "max": 4.997709406931419
        },
        "2": {
            "min": 0.32980586939541284,
            "max": 2.9375732088010027
        },
        "3": {
            "min": 3.2136897506204183,
            "max": 6.106777516572738
        },
        "4": {
            "min": 3.3793596757120676,
            "max": 6.025476534814799
        },
        "5": {
            "min": 1.576932249946439,
            "max": 4.6709714991117774
        },
        "6": {
            "min": 3.1231848841351653,
            "max": 5.046796792143759
        }
    },
    "joint_limits_raw": {
        "1": {
            "min": 1081,
            "max": 3258
        },
        "2": {
            "min": 215,
            "max": 1915
        },
        "3": {
            "min": 2095,
            "max": 3981
        },
        "4": {
            "min": 2203,
            "max": 3928
        },
        "5": {
            "min": 1028,
            "max": 3045
        },
        "6": {
            "min": 2036,
            "max": 3289
        }
    },
    "joint_limits_offseted": {
        "1": {
            "min": -1.5186409800067848,
            "max": 1.8208351952202557
        },
        "2": {
            "min": -4.34269961050425,
            "max": -1.7349322710986606
        },
        "3": {
            "min": 1.612213808067809,
            "max": 4.5053015740201285
        },
        "4": {
            "min": 0.1626019635158782,
            "max": 2.8087188226186095
        },
        "5": {
            "min": -1.6060778849162662,
            "max": 1.487961364249072
        },
        "6": {
            "min": -0.0015339807878858025,
            "max": 1.922077927220708
        }
    },
    "poses_joints": {
        "home_pose_joints": [
            3.210621789044647,
            2.8930877659523193,
            3.210621789044647,
            2.8332625152247792,
            3.175340230923277,
            3.1231848841351653
        ],
        "up_pose_joints": [
            3.1998839235294474,
            4.637223921778293,
            0.06902913545485385,
            1.6536312893407212,
            3.167670326983849,
            3.1231848841351653
        ],
        "zero_pose_joints": [
            3.176874211711163,
            4.672505479899663,
            1.6014759425526093,
            3.2167577121961894,
            3.1830101348627053,
            3.124718864923051
        ]
    }
}