{
    "joint_limits": {
        "1": {
            "min": 1.3437671701878218,
            "max": 4.95168998329485
        },
        "2": {
            "min": 1.2732040539450822,
            "max": 4.7047190764452615
        },
        "3": {
            "min": 1.3959225169759335,
            "max": 4.727728788263546
        },
        "4": {
            "min": 3.334874232863384,
            "max": 5.9518454569962875
        },
        "5": {
            "min": 0.10584467436410924,
            "max": 4.858117155233826
        },
        "6": {
            "min": 2.8363304768005504,
            "max": 4.554388959232469
        }
    },
    "poses": {
        "home_pose": [3.2, 1.3, 4.7, 2.9, 3.3, 3.0],
        "up_pose": [3.2, 3.0, 1.6, 1.6, 3.3, 3.0],
        "init_pose": [3.2, 2.9, 3.2, 3.1, 3.2, 3.0]
    }
}